{
    "schemaVersion": "1.0",
    "artifacts": {
        "CxxAVDECCController": {
            "type": "executable",
            "version": "3.4.1",
            "variants": [
               {
                    "path": "_build_linux_arm64_makefiles_release/src/controller/avdecc_controller_cxx.so",
                    "supportedTriples": ["aarch64-unknown-linux-gnu"]
               },
               {
                    "path": "_build_linux_x86_64_makefiles_release/src/controller/avdecc_controller_cxx.so",
                    "supportedTriples": ["x86_64-unknown-linux-gnu"]
               },
               {
                    "path": "_build_mac_x64_arm64_makefiles_release/src/controller/libla_avdecc_c.dylib",
                    "supportedTriples": ["x86_64-apple-macosx", "arm64-apple-macosx"]
               }
            ]
        },
        "CxxAVDECC": {
            "type": "executable",
            "version": "3.4.1",
            "variants": [
               {
                    "path": "_build_linux_arm64_makefiles_release/src/libla_avdecc_cxx.so",
                    "supportedTriples": ["aarch64-unknown-linux-gnu"]
               },
               {
                    "path": "_build_linux_x86_64_makefiles_release/src/libla_avdecc_cxx.so",
                    "supportedTriples": ["x86_64-unknown-linux-gnu"]
               },
               {
                    "path": "_build_mac_x64_arm64_makefiles_release/src/libla_avdecc_cxx.dylib",
                    "supportedTriples": ["x86_64-apple-macosx", "arm64-apple-macosx"]
               }
            ]
        },
        "CAVDECC": {
            "type": "executable",
            "version": "3.4.1",
            "variants": [
               {
                    "path": "_build_linux_arm64_makefiles_release/src/bindings/c/libla_avdecc_c.so",
                    "supportedTriples": ["aarch64-unknown-linux-gnu"]
               },
               {
                    "path": "_build_linux_x86_64_makefiles_release/src/bindings/c/libla_avdecc_c.so",
                    "supportedTriples": ["x86_64-unknown-linux-gnu"]
               },
               {
                    "path": "_build_mac_x64_arm64_makefiles_release/src/bindings/c/libla_avdecc_c.dylib",
                    "supportedTriples": ["x86_64-apple-macosx", "arm64-apple-macosx"]
               }
            ]
        }
    }
}
