{
    "schemaVersion": "1.0",
    "artifacts": {
        "CxxAVDECCController": {
            "type": "executable",
            "version": "3.4.1",
            "variants": [
               {
                    "path": "_build_linux_arm64_makefiles_debug/src/controller/avdecc_controller_cxx-d.so",
                    "supportedTriples": ["aarch64-unknown-linux-gnu"]
               },
               {
                    "path": "_build_linux_x86_64_makefiles_debug/src/controller/avdecc_controller_cxx-d.so",
                    "supportedTriples": ["x86_64-unknown-linux-gnu"]
               }
            ]
        },
        "CxxAVDECC": {
            "type": "executable",
            "version": "3.4.1",
            "variants": [
               {
                    "path": "_build_linux_arm64_makefiles_debug/src/libla_avdecc_cxx-d.so",
                    "supportedTriples": ["aarch64-unknown-linux-gnu"]
               },
               {
                    "path": "_build_linux_x86_64_makefiles_debug/src/libla_avdecc_cxx-d.so",
                    "supportedTriples": ["x86_64-unknown-linux-gnu"]
               }
            ]
        },
        "CAVDECC": {
            "type": "executable",
            "version": "3.4.1",
            "variants": [
               {
                    "path": "_build_linux_arm64_makefiles_debug/src/bindings/c/libla_avdecc_c-d.so",
                    "supportedTriples": ["aarch64-unknown-linux-gnu"]
               },
               {
                    "path": "_build_linux_x86_64_makefiles_debug/src/bindings/c/libla_avdecc_c-d.so",
                    "supportedTriples": ["x86_64-unknown-linux-gnu"]
               }
            ]
        }
    }
}
